guid,name,first,last,email,value,date,phone,age,state,street
a94809e0-79e6-5263-9d04-aae99a0884d4,Eddie Sanders,Ralph,Guerrero,mod@opoza.mk,value,02/19/2018,(327) 825-1283,36,MD,Nohuta Heights
78661221-559e-58ca-80e5-518b3d726d30,Lillian Glover,Franklin,Rose,et@wuco.nu,value,09/25/2050,(538) 335-1854,59,VT,Wefi Circle
40be11cd-223c-53e5-997c-a5b9ad8dff07,Rosetta Crawford,Erik,Hunter,so@ni.cr,value,12/01/1958,(467) 550-8810,37,NV,Saman Court
88ad3395-17d1-56cf-a84a-03666f124377,Maggie Shelton,Troy,King,vemakriz@bejzi.mp,value,10/10/1943,(380) 542-2786,39,PA,Ropa View
79c91b5d-a764-5bcd-94f0-8fe4984dadf9,Melvin Jenkins,Frances,Blake,esfaf@gan.gf,value,11/12/2070,(822) 250-6066,25,MS,Avoefi Plaza
b91f8a4e-44c3-5ec1-bdd8-8c38461052b2,Lena Patrick,Philip,Nelson,bonegnup@obi.by,value,03/12/1996,(958) 707-9065,19,KY,Kekiv Mill
41f34d8e-edf8-5fe6-af59-38f971a45f3f,Christopher Klein,Mayme,Terry,ewnid@dihsavow.fo,value,10/20/1903,(459) 970-5795,53,RI,Gimu Turnpike
155aea6d-8bfa-5e1f-a16c-e26b23d9f2a0,Georgie Marshall,Duane,Hodges,ihu@ri.gq,value,10/26/1919,(704) 651-4168,18,LA,Jicboc Center
432a6e79-efb9-5040-8dc2-a054e8be2133,Alberta Owen,Ruth,Kennedy,menvud@pawuiju.sb,value,09/18/1987,(568) 261-4302,49,SD,Pagod Mill
a0bc953a-49b2-5ea8-811c-7c183790dfe0,Dean Gomez,Georgie,Massey,bami@vu.bh,value,10/24/1949,(546) 745-9039,48,GA,Akjuk Glen
c259f6df-cb80-52a4-b77a-8f6991ed724f,Julian Garcia,Hunter,Griffin,eppe@ejufizav.bh,value,09/07/2038,(560) 212-2558,27,AR,Batar Turnpike